state,2012_score,2011_score,2010_score,2009_score,2008_score,2007_score,2006_score,2005_score
AL,3.36,3.48,3.44,3.2,3.39,3.44,3.61,4.05
AK,5.41,4.28,4.8,6.31,4.82,5.77,5.75,6
AZ,4.67,4.49,5.03,5.12,5.1,5.47,5.62,5.17
AR,4.11,4.37,4.17,4.23,4.03,3.54,3.61,3.08
CA,5.09,4.5,4.72,4.48,4.7,5.1,5.26,5.02
CO,6.36,6.9,6.79,6.33,6.73,6.59,6.33,6.37
CT,4.62,4.88,4.74,4.81,5.16,4.93,5.01,5.21
DE,5.32,4.97,5.19,5.16,5.37,4.85,5.22,5.17
FL,5.04,5.47,5.78,4.87,4.58,4.63,4.89,4.79
GA,4.92,4.52,3.8,4.69,4.28,4.68,4.7,4.92
HI,4.44,5.38,4.14,4.72,3.94,4.3,4,3.95
ID,5.38,5.61,5.39,6.12,6.58,6.24,6.06,5.67
IL,4.23,3.9,4.5,4.33,4.45,4.43,4.51,4.58
IN,4.06,3.91,4.36,4.26,4.37,3.91,3.72,3.73
IA,5.55,5.94,5.96,6.13,5.74,5.48,5.54,5.45
KS,5.77,5.83,5.68,5.72,5.62,5.53,5.61,5.71
KY,3.91,3.87,4.1,3.95,4.21,4.31,4.14,4.42
LA,4.24,4.1,4.15,4.06,3.3,2.75,3.44,2.6
ME,4.69,4.56,4.68,5.05,4.7,4.45,4.33,4.46
MD,5.21,5.2,4.81,4.48,4.66,5.12,5.13,5.95
MA,7.77,7.34,6.76,7.04,7.33,7.07,7.28,7.16
MI,4.87,4.9,4.15,4.47,4.6,4.16,4.46,4.68
MN,6.81,6.5,6.42,6.58,6.17,6.2,6,6.05
MS,3.11,3.05,2.91,3.29,3.12,2.97,3.02,2.83
MO,4.64,4.43,4.71,4.44,4.61,4.87,4.58,5.4
MT,5.19,4.81,5.48,5.52,5.88,5.68,4.87,4.62
NE,5.75,5.97,6.36,5.55,5.68,5.82,5.97,6.02
NV,4.84,4.17,5.47,5.35,5.64,4.73,4.79,4.62
NH,5.67,5.84,5.93,5.7,5.63,5.88,6.6,6.67
NJ,3.6,3.73,4.47,4.03,4.15,4.07,3.94,4.54
NM,3.67,4,3.75,4.14,4.39,4.72,4.22,4
NY,4.59,4.53,4.69,4.37,4.38,4.37,4.44,4.27
NC,4.93,5.36,5.21,4.51,4.68,4.7,4.9,5.05
ND,6.99,7.29,7.4,6.93,6.75,6.36,6.27,6.41
OH,4.14,3.9,3.93,3.68,3.95,3.89,3.91,4.07
OK,3.68,4.35,3.83,3.91,4.17,4.68,4.13,4.16
OR,5.15,5.56,5.6,6.11,5.97,5.74,5.66,5.32
PA,4.16,4.15,4.49,4.18,4.18,4.47,4.57,4.65
RI,5.11,5.39,5.31,4.68,4.58,5.19,4.95,4.67
SC,4.1,3.8,3.98,3.86,3.93,4.07,4.28,4.77
SD,6.48,5.75,6.04,5.89,5.75,5.9,6,5.71
TN,4.27,4.17,3.85,3.76,4.16,4.41,4.01,4.48
TX,6.18,5.7,4.98,4.95,4.94,5.35,5.15,5.25
UT,6.42,6.33,6.21,6.65,6.79,7.39,7.12,6.78
VT,5.25,5.72,5.38,5.48,5.69,5.78,5.95,5.37
VA,6.03,5.96,5.83,5.8,5.64,5.62,5.98,5.73
WA,6.05,5.91,5.58,6.15,6.57,5.94,5.87,6.45
WV,3.52,4,3.3,3.54,3.7,3.46,3.32,3.4
WI,5.26,5.35,5.19,5.07,5.33,5.15,5.27,5.42
WY,5.4,5.87,6.55,6.37,5.94,5.86,6,5.14
