State,,2012,2011,2010,2009,2008,2007,2006,2005
Alabama,AL,57.835,48.765,48.522,48.823,48.807,50.534,40.238,39.465
Alaska,AK,68.811,58.802,54.584,51.554,53.228,54.356,46.77,45.14
Arizona,AZ,63.383,54.388,54.272,52.803,52.535,53.277,45.748,44.238
Arkansas,AR,82.048,56.162,58.653,56.006,58.511,59.197,48.158,43.832
California,CA,115.731,76.357,80.572,77.749,77.358,77.985,65.117,62.52
Colorado,CO,61.717,51.317,52.349,48.25,50.17,51.934,42.68,41.19
Connecticut,CT,92.906,75.587,71.881,66.627,62.685,64.879,54.25,51.83
Delaware,DE,81.48,62.785,62.873,62.775,60.856,60.086,47.31,45.83
Dist. Of Columbia,DC,,84.354,86.825,84.795,83.751,81.905,75.42,73.33
Florida,FL,48.051,50.081,47.763,45.284,43.824,45.485,40.819,38.525
Georgia,GA,69.648,54.639,56.643,53.781,52.33,52.734,49.903,45.555
Hawaii,HI,105.666,70.889,75.877,68.454,67.395,70.416,62.608,60.3
Idaho,ID,78.918,60.452,65.052,61.705,61.614,61.817,54.52,45.02
Illinois,IL,82.899,72.078,60.653,55.983,56.404,58.375,48.494,45.73
Indiana,IN,65.045,57.747,54.967,52.602,54.325,53.228,44.87,40.14
Iowa,IA,97.733,72.525,70.375,67.485,68.354,69.161,57.76,54.317
Kansas,KS,76.783,58.977,61.512,57.813,58.965,59.853,54.8,50
Kentucky,KY,78.607,58.934,58.481,54.877,56.373,56.458,56.265,47.605
Louisiana,LA,72.746,60.12,60.362,58.111,57.752,60.066,54.27,51.55
Maine,ME,106.248,75.876,77.394,74.699,74.553,74.222,63.993,61.069
Maryland,MD,83.698,67.103,66.59,64.342,63.289,59.337,51.845,46.445
Massachusetts,MA,85.651,73.976,75.634,72.515,71.239,72.055,61.055,54.765
Michigan,MI,63.8,61.48,60.327,55.383,54.18,46.073,42.742,37.49
Minnesota,MN,91.828,75.308,74.994,72.149,71.91,72.096,63.59,60.36
Mississippi,MS,65.832,52.319,54.802,53.439,53.367,53.82,41.088,38.97
Missouri,MO,70.48,55.382,55.964,53.277,52.88,54.681,49.242,44.976
Montana,MT,81.014,62.193,63.326,59.041,60.625,61.552,53.898,53.448
Nebraska,NE,87.519,66.42,66.653,62.143,62.359,63.145,54.22,50.493
Nevada,NV,37.05,38.531,34.671,31.348,30.447,31.574,29.915,27.08
New Hampshire,NH,69.232,63.568,58.635,61.995,57.795,56.502,47.256,45.03
New Jersey,NJ,109.224,82.625,84.209,84.73,78.13,79.231,65.345,58.905
New Mexico,NM,74.773,60.576,59.075,58.101,58.054,57.978,52.51,50.62
New York,NY,106.54,82.787,82.989,76.94,71.835,73.189,62.654,58.191
North Carolina,NC,84.977,66.858,68.35,65.497,63.943,65.57,57.482,53.851
North Dakota,ND,66.7,53.296,55.88,53.044,56.206,54.795,49.85,46.69
Ohio,OH,67.207,49.538,49.835,51.25,53.853,59.341,56.73,54.21
Oklahoma,OK,72.537,57.08,57.094,53.868,54.551,56.295,49.46,48.11
Oregon,OR,93.322,65.181,69.373,65.179,60.42,60.891,57.059,52.98
Pennsylvania,PA,72.684,65.35,61.969,57.847,57.108,57.343,45.863,42.261
Rhode Island,RI,92.462,77.25,76.676,73.339,72.671,75.604,64.97,60.39
South Carolina,SC,65.583,47.047,49.273,48.001,48.012,49.544,44.558,41.79
South Dakota,SD,32.894,32.292,28.552,25.693,26.357,25.914,26.36,24.28
Tennessee,TN,67.101,59.976,53.539,51.855,51.31,53.121,44.974,43.09
Texas,TX,37.553,39.076,35.096,32.082,45.543,47.968,42.71,41.21
Utah,UT,61.028,53.374,53.777,52.404,53.028,54.435,50.095,48.515
Vermont,VT,106.841,78.291,79.399,75.717,70.316,71.37,59.48,56.72
Virginia,VA,64.542,51.697,54.417,50.843,49.073,49.996,45.456,41.885
Washington,WA,53.708,52.312,45.318,42.955,44.325,42.832,40.42,37.43
West Virgini,WV,78.675,63.486,66.47,63.689,65.384,66.516,56.66,50.805
Wisconsin,WI,76.53,59.282,62.002,58.8,57.601,60.183,51.479,47.539
Wyoming,WY,44.631,46.049,41.769,37.069,37.255,37.986,35.84,33.36
