AL,5.26,5.26,5.26,5.26,5.24,5.24,5.24,5.24,5.28,5.28,5.28,5.28,5.19,5.19,5.19,5.19,5.3,5.3,5.3,5.3,5.08,5.08,5.08,5.08,5.16,5.16,5.16,5.16,5.6,5.6,5.6,5.6
AK,7.34,7.34,7.34,7.34,7.37,7.37,7.37,7.37,7.44,7.44,7.44,7.44,7.38,7.38,7.38,7.38,7.32,7.32,7.32,7.32,7.13,7.13,7.13,7.13,6.99,6.99,6.99,6.99,7.29,7.29,7.29,7.29
AZ,5.13,5.13,5.13,5.13,5.11,5.11,5.11,5.11,5.14,5.14,5.14,5.14,5.01,5.01,5.01,5.01,5.25,5.25,5.25,5.25,5.01,5.01,5.01,5.01,4.95,4.95,4.95,4.95,5.13,5.13,5.13,5.13
AR,4.9,4.9,4.9,4.9,4.94,4.94,4.94,4.94,4.94,4.94,4.94,4.94,4.61,4.61,4.61,4.61,4.87,4.87,4.87,4.87,4.65,4.65,4.65,4.65,4.72,4.72,4.72,4.72,4.87,4.87,4.87,4.87
CA,3.67,3.67,3.67,3.67,3.68,3.68,3.68,3.68,3.58,3.58,3.58,3.58,3.89,3.89,3.89,3.89,4,4,4,4,3.93,3.93,3.93,3.93,3.92,3.92,3.92,3.92,4.64,4.64,4.64,4.64
CO,5.37,5.37,5.37,5.37,5.41,5.41,5.41,5.41,5.51,5.51,5.51,5.51,5.63,5.63,5.63,5.63,5.89,5.89,5.89,5.89,5.89,5.89,5.89,5.89,5.9,5.9,5.9,5.9,5.7,5.7,5.7,5.7
CT,4.47,4.47,4.47,4.47,4.53,4.53,4.53,4.53,4.47,4.47,4.47,4.47,4.72,4.72,4.72,4.72,4.81,4.81,4.81,4.81,4.6,4.6,4.6,4.6,4.69,4.69,4.69,4.69,4.66,4.66,4.66,4.66
DE,5.74,5.74,5.74,5.74,5.75,5.75,5.75,5.75,5.76,5.76,5.76,5.76,5.98,5.98,5.98,5.98,6.01,6.01,6.01,6.01,6.09,6.09,6.09,6.09,6.11,6.11,6.11,6.11,6.1,6.1,6.1,6.1
FL,6.88,6.88,6.88,6.88,6.9,6.9,6.9,6.9,6.84,6.84,6.84,6.84,6.62,6.62,6.62,6.62,6.92,6.92,6.92,6.92,6.67,6.67,6.67,6.67,6.79,6.79,6.79,6.79,6.85,6.85,6.85,6.85
GA,4.86,4.86,4.86,4.86,4.92,4.92,4.92,4.92,4.83,4.83,4.83,4.83,5.01,5.01,5.01,5.01,5.16,5.16,5.16,5.16,4.95,4.95,4.95,4.95,5.18,5.18,5.18,5.18,5.52,5.52,5.52,5.52
HI,4.8,4.8,4.8,4.8,4.83,4.83,4.83,4.83,4.85,4.85,4.85,4.85,5.05,5.05,5.05,5.05,5.27,5.27,5.27,5.27,5.27,5.27,5.27,5.27,5.34,5.34,5.34,5.34,5.28,5.28,5.28,5.28
ID,5.28,5.28,5.28,5.28,5.23,5.23,5.23,5.23,5.21,5.21,5.21,5.21,5.21,5.21,5.21,5.21,5.1,5.1,5.1,5.1,5.09,5.09,5.09,5.09,5.05,5.05,5.05,5.05,5.08,5.08,5.08,5.08
IL,5.03,5.03,5.03,5.03,5.05,5.05,5.05,5.05,5.52,5.52,5.52,5.52,5.01,5.01,5.01,5.01,5.26,5.26,5.26,5.26,5.04,5.04,5.04,5.04,4.92,4.92,4.92,4.92,5.22,5.22,5.22,5.22
IN,5.95,5.95,5.95,5.95,5.95,5.95,5.95,5.95,5.99,5.99,5.99,5.99,5.67,5.67,5.67,5.67,5.88,5.88,5.88,5.88,5.65,5.65,5.65,5.65,5.72,5.72,5.72,5.72,5.86,5.86,5.86,5.86
IA,4.47,4.47,4.47,4.47,4.48,4.48,4.48,4.48,4.38,4.38,4.38,4.38,4.23,4.23,4.23,4.23,4.35,4.35,4.35,4.35,4.16,4.16,4.16,4.16,4.36,4.36,4.36,4.36,4.62,4.62,4.62,4.62
KS,5.1,5.1,5.1,5.1,5.13,5.13,5.13,5.13,5.14,5.14,5.14,5.14,4.93,4.93,4.93,4.93,5.07,5.07,5.07,5.07,4.87,4.87,4.87,4.87,4.77,4.77,4.77,4.77,4.99,4.99,4.99,4.99
KY,5.15,5.15,5.15,5.15,5.2,5.2,5.2,5.2,5.17,5.17,5.17,5.17,5.18,5.18,5.18,5.18,4.95,4.95,4.95,4.95,4.98,4.98,4.98,4.98,4.96,4.96,4.96,4.96,4.75,4.75,4.75,4.75
LA,4.91,4.91,4.91,4.91,4.93,4.93,4.93,4.93,4.94,4.94,4.94,4.94,4.74,4.74,4.74,4.74,4.98,4.98,4.98,4.98,4.75,4.75,4.75,4.75,4.79,4.79,4.79,4.79,5.05,5.05,5.05,5.05
ME,5.01,5.01,5.01,5.01,4.78,4.78,4.78,4.78,4.7,4.7,4.7,4.7,4.83,4.83,4.83,4.83,4.69,4.69,4.69,4.69,4.72,4.72,4.72,4.72,4.72,4.72,4.72,4.72,4.64,4.64,4.64,4.64
MD,4.47,4.47,4.47,4.47,4.43,4.43,4.43,4.43,4.22,4.22,4.22,4.22,4.26,4.26,4.26,4.26,4.31,4.31,4.31,4.31,4.14,4.14,4.14,4.14,5.08,5.08,5.08,5.08,5.23,5.23,5.23,5.23
MA,5.17,5.17,5.17,5.17,5.17,5.17,5.17,5.17,5.12,5.12,5.12,5.12,4.73,4.73,4.73,4.73,4.99,4.99,4.99,4.99,4.8,4.8,4.8,4.8,4.79,4.79,4.79,4.79,4.87,4.87,4.87,4.87
MI,5.86,5.86,5.86,5.86,5.37,5.37,5.37,5.37,5.37,5.37,5.37,5.37,5.35,5.35,5.35,5.35,5.3,5.3,5.3,5.3,5.32,5.32,5.32,5.32,5.14,5.14,5.14,5.14,5.2,5.2,5.2,5.2
MN,4.18,4.18,4.18,4.18,4.2,4.2,4.2,4.2,4.19,4.19,4.19,4.19,4.44,4.44,4.44,4.44,4.61,4.61,4.61,4.61,4.4,4.4,4.4,4.4,4.39,4.39,4.39,4.39,4.71,4.71,4.71,4.71
MS,5.37,5.37,5.37,5.37,5.39,5.39,5.39,5.39,5.39,5.39,5.39,5.39,5.16,5.16,5.16,5.16,5.32,5.32,5.32,5.32,5.09,5.09,5.09,5.09,5.21,5.21,5.21,5.21,5.57,5.57,5.57,5.57
MO,5.46,5.46,5.46,5.46,5.48,5.48,5.48,5.48,5.64,5.64,5.64,5.64,5.37,5.37,5.37,5.37,5.57,5.57,5.57,5.57,5.35,5.35,5.35,5.35,5.37,5.37,5.37,5.37,5.68,5.68,5.68,5.68
MT,6.22,6.22,6.22,6.22,6.25,6.25,6.25,6.25,6.3,6.3,6.3,6.3,6.32,6.32,6.32,6.32,6.27,6.27,6.27,6.27,6.35,6.35,6.35,6.35,6.42,6.42,6.42,6.42,6.16,6.16,6.16,6.16
NE,4.96,4.96,4.96,4.96,4.95,4.95,4.95,4.95,4.99,4.99,4.99,4.99,4.88,4.88,4.88,4.88,4.55,4.55,4.55,4.55,4.55,4.55,4.55,4.55,4.55,4.55,4.55,4.55,4.59,4.59,4.59,4.59
NV,7.45,7.45,7.45,7.45,7.45,7.45,7.45,7.45,7.42,7.42,7.42,7.42,7.05,7.05,7.05,7.05,7.37,7.37,7.37,7.37,7.07,7.07,7.07,7.07,7.07,7.07,7.07,7.07,7.07,7.07,7.07,7.07
NH,6.25,6.25,6.25,6.25,6.31,6.31,6.31,6.31,6.35,6.35,6.35,6.35,6.25,6.25,6.25,6.25,6.21,6.21,6.21,6.21,6.29,6.29,6.29,6.29,6.32,6.32,6.32,6.32,6.45,6.45,6.45,6.45
NJ,3.4,3.4,3.4,3.4,3.43,3.43,3.43,3.43,3.44,3.44,3.44,3.44,3.6,3.6,3.6,3.6,3.9,3.9,3.9,3.9,3.71,3.71,3.71,3.71,3.68,3.68,3.68,3.68,3.63,3.63,3.63,3.63
NM,4.71,4.71,4.71,4.71,4.72,4.72,4.72,4.72,4.76,4.76,4.76,4.76,5.06,5.06,5.06,5.06,5.17,5.17,5.17,5.17,4.93,4.93,4.93,4.93,5.05,5.05,5.05,5.05,5.3,5.3,5.3,5.3
NY,3.4,3.4,3.4,3.4,3.57,3.57,3.57,3.57,3.59,3.59,3.59,3.59,3.66,3.66,3.66,3.66,4.13,4.13,4.13,4.13,4.19,4.19,4.19,4.19,4.29,4.29,4.29,4.29,3.6,3.6,3.6,3.6
NC,4.21,4.21,4.21,4.21,4.22,4.22,4.22,4.22,4.08,4.08,4.08,4.08,4.66,4.66,4.66,4.66,4.74,4.74,4.74,4.74,4.52,4.52,4.52,4.52,4.52,4.52,4.52,4.52,4.7,4.7,4.7,4.7
ND,5.03,5.03,5.03,5.03,4.98,4.98,4.98,4.98,4.87,4.87,4.87,4.87,5.04,5.04,5.04,5.04,5.08,5.08,5.08,5.08,4.86,4.86,4.86,4.86,4.87,4.87,4.87,4.87,5.06,5.06,5.06,5.06
OH,4.55,4.55,4.55,4.55,4.57,4.57,4.57,4.57,4.54,4.54,4.54,4.54,4.04,4.04,4.04,4.04,4.12,4.12,4.12,4.12,3.95,3.95,3.95,3.95,3.95,3.95,3.95,3.95,3.82,3.82,3.82,3.82
OK,4.85,4.85,4.85,4.85,4.92,4.92,4.92,4.92,5.05,5.05,5.05,5.05,4.97,4.97,4.97,4.97,5.4,5.4,5.4,5.4,5.18,5.18,5.18,5.18,5.2,5.2,5.2,5.2,5.41,5.41,5.41,5.41
OR,5.75,5.75,5.75,5.75,5.62,5.62,5.62,5.62,5.61,5.61,5.61,5.61,5.59,5.59,5.59,5.59,6.04,6.04,6.04,6.04,6.12,6.12,6.12,6.12,6.06,6.06,6.06,6.06,6.02,6.02,6.02,6.02
PA,5.33,5.33,5.33,5.33,5.32,5.32,5.32,5.32,5.33,5.33,5.33,5.33,5.03,5.03,5.03,5.03,5.14,5.14,5.14,5.14,4.92,4.92,4.92,4.92,4.95,4.95,4.95,4.95,5.31,5.31,5.31,5.31
RI,4.12,4.12,4.12,4.12,4.18,4.18,4.18,4.18,3.88,3.88,3.88,3.88,4.33,4.33,4.33,4.33,4.18,4.18,4.18,4.18,4.2,4.2,4.2,4.2,3.8,3.8,3.8,3.8,3.47,3.47,3.47,3.47
SC,4.81,4.81,4.81,4.81,4.82,4.82,4.82,4.82,4.77,4.77,4.77,4.77,5.03,5.03,5.03,5.03,5.21,5.21,5.21,5.21,5.01,5.01,5.01,5.01,4.98,4.98,4.98,4.98,5.21,5.21,5.21,5.21
SD,7.56,7.56,7.56,7.56,7.54,7.54,7.54,7.54,7.57,7.57,7.57,7.57,7.42,7.42,7.42,7.42,7.5,7.5,7.5,7.5,7.21,7.21,7.21,7.21,7.18,7.18,7.18,7.18,7.56,7.56,7.56,7.56
TN,5.67,5.67,5.67,5.67,5.69,5.69,5.69,5.69,5.72,5.72,5.72,5.72,5.1,5.1,5.1,5.1,5.42,5.42,5.42,5.42,5.16,5.16,5.16,5.16,5.27,5.27,5.27,5.27,5.58,5.58,5.58,5.58
TX,6.09,6.09,6.09,6.09,6.09,6.09,6.09,6.09,6.12,6.12,6.12,6.12,5.7,5.7,5.7,5.7,6.02,6.02,6.02,6.02,5.79,5.79,5.79,5.79,5.99,5.99,5.99,5.99,6.41,6.41,6.41,6.41
UT,6.04,6.04,6.04,6.04,6.05,6.05,6.05,6.05,6.09,6.09,6.09,6.09,5.8,5.8,5.8,5.8,5.94,5.94,5.94,5.94,5.71,5.71,5.71,5.71,5.23,5.23,5.23,5.23,5.67,5.67,5.67,5.67
VT,4.08,4.08,4.08,4.08,4.1,4.1,4.1,4.1,4.17,4.17,4.17,4.17,4.56,4.56,4.56,4.56,4.52,4.52,4.52,4.52,4.34,4.34,4.34,4.34,4.37,4.37,4.37,4.37,4.57,4.57,4.57,4.57
VA,5.09,5.09,5.09,5.09,5.12,5.12,5.12,5.12,5.2,5.2,5.2,5.2,5.53,5.53,5.53,5.53,5.7,5.7,5.7,5.7,5.51,5.51,5.51,5.51,5.51,5.51,5.51,5.51,5.58,5.58,5.58,5.58
WA,6.38,6.38,6.38,6.38,6.36,6.36,6.36,6.36,6.2,6.2,6.2,6.2,5.81,5.81,5.81,5.81,5.94,5.94,5.94,5.94,5.65,5.65,5.65,5.65,5.67,5.67,5.67,5.67,5.93,5.93,5.93,5.93
WV,5.16,5.16,5.16,5.16,5.16,5.16,5.16,5.16,5.14,5.14,5.14,5.14,4.73,4.73,4.73,4.73,4.86,4.86,4.86,4.86,4.66,4.66,4.66,4.66,4.71,4.71,4.71,4.71,4.93,4.93,4.93,4.93
WI,4.37,4.37,4.37,4.37,4.39,4.39,4.39,4.39,4.4,4.4,4.4,4.4,4.54,4.54,4.54,4.54,4.76,4.76,4.76,4.76,4.56,4.56,4.56,4.56,4.57,4.57,4.57,4.57,4.77,4.77,4.77,4.77
WY,7.66,7.66,7.66,7.66,7.67,7.67,7.67,7.67,7.63,7.63,7.63,7.63,7.38,7.38,7.38,7.38,7.5,7.5,7.5,7.5,7.24,7.24,7.24,7.24,7.46,7.46,7.46,7.46,7.64,7.64,7.64,7.64
DC,4.25,4.25,4.25,4.25,4.48,4.48,4.48,4.48,4.43,4.43,4.43,4.43,4.72,4.72,4.72,4.72,4.53,4.53,4.53,4.53,4.53,4.53,4.53,4.53,4.49,4.49,4.49,4.49,4.06,4.06,4.06,4.06
