4,2000,12,1
4.4,2001,1,1
4.1,2001,2,1
4.3,2001,3,1
4.2,2001,4,2
4.1,2001,5,2
4,2001,6,2
4,2001,7,3
3.9,2001,8,3
3.9,2001,9,3
4.1,2001,10,4
3.9,2001,11,4
3.7,2001,12,4
3.9,2002,1,1
3.8,2002,2,1
3.6,2002,3,1
3.8,2002,4,2
3.8,2002,5,2
3.7,2002,6,2
3.9,2002,7,3
3.7,2002,8,3
3.7,2002,9,3
3.7,2002,10,4
3.7,2002,11,4
3.9,2002,12,4
3.7,2003,1,1
3.7,2003,2,1
3.6,2003,3,1
3.7,2003,4,2
3.6,2003,5,2
3.7,2003,6,2
3.6,2003,7,3
3.6,2003,8,3
3.6,2003,9,3
3.6,2003,10,4
3.6,2003,11,4
3.7,2003,12,4
3.6,2004,1,1
3.5,2004,2,1
3.7,2004,3,1
3.7,2004,4,2
3.6,2004,5,2
3.7,2004,6,2
3.7,2004,7,3
3.8,2004,8,3
3.6,2004,9,3
3.6,2004,10,4
3.9,2004,11,4
3.8,2004,12,4
3.8,2005,1,1
3.7,2005,2,1
3.9,2005,3,1
3.7,2005,4,2
3.8,2005,5,2
3.8,2005,6,2
3.7,2005,7,3
3.8,2005,8,3
3.9,2005,9,3
3.7,2005,10,4
3.6,2005,11,4
3.7,2005,12,4
3.6,2006,1,1
3.8,2006,2,1
3.7,2006,3,1
3.6,2006,4,2
4,2006,5,2
3.8,2006,6,2
3.8,2006,7,3
3.6,2006,8,3
3.7,2006,9,3
3.7,2006,10,4
3.9,2006,11,4
3.8,2006,12,4
3.6,2007,1,1
3.7,2007,2,1
3.7,2007,3,1
3.7,2007,4,2
3.7,2007,5,2
3.7,2007,6,2
3.7,2007,7,3
3.7,2007,8,3
3.6,2007,9,3
3.7,2007,10,4
3.7,2007,11,4
3.6,2007,12,4
3.6,2008,1,1
3.6,2008,2,1
3.5,2008,3,1
3.7,2008,4,2
3.4,2008,5,2
3.6,2008,6,2
3.4,2008,7,3
3.5,2008,8,3
3.5,2008,9,3
3.6,2008,10,4
3.4,2008,11,4
3.6,2008,12,4
3.6,2009,1,1
3.5,2009,2,1
3.4,2009,3,1
3.5,2009,4,2
3.1,2009,5,2
3.2,2009,6,2
3.2,2009,7,3
3.1,2009,8,3
3.1,2009,9,3
3,2009,10,4
3,2009,11,4
3.1,2009,12,4
3,2010,1,1
3,2010,2,1
3.1,2010,3,1
3,2010,4,2
3,2010,5,2
3.2,2010,6,2
3.2,2010,7,3
3,2010,8,3
3.1,2010,9,3
2.9,2010,10,4
3,2010,11,4
3.1,2010,12,4
2.9,2011,1,1
2.9,2011,2,1
3.1,2011,3,1
3,2011,4,2
3.1,2011,5,2
3.1,2011,6,2
3.1,2011,7,3
3.1,2011,8,3
3.1,2011,9,3
3.1,2011,10,4
3.1,2011,11,4
3,2011,12,4
3,2012,1,1
3.1,2012,2,1
3.2,2012,3,1
3.2,2012,4,2
3.3,2012,5,2
3.2,2012,6,2
3,2012,7,3
3.3,2012,8,3
3,2012,9,3
3.1,2012,10,4
3.1,2012,11,4
3,2012,12,4
3.2,2013,1,1
3.1,2013,2,1
3.1,2013,3,1
3.1,2013,4,2
3.2,2013,5,2
3.1,2013,6,2
3.2,2013,7,3
3.2,2013,8,3
3.3,2013,9,3
3.1,2013,10,4
3.1,2013,11,4
3.3,2013,12,4
3.2,2014,1,1
3.2,2014,2,1
3.2,2014,3,1
